model_a_id,model_b_id,sense,len_a,len_b,overlap,percent_overlap_a,percent_overlap_b,num_exons_a,num_exons_b,exon_overlap,exon_len_a,exon_len_b,perc_exon_overlap_a,perc_exon_overlap_b
chr_101+CDS2,chr_101+CDS2,-,642,642,642,1.0,1.0,1,1,642,642,642,1.0,1.0
chr_101+CDS7,chr_101+CDS7,-,903,903,903,1.0,1.0,2,2,846,846,846,1.0,1.0
chr_101+CDS11,chr_101+CDS11,-,941,941,941,1.0,1.0,2,2,864,864,864,1.0,1.0
chr_101+CDS13,chr_101+CDS12,-,1638,1638,1638,1.0,1.0,4,4,1200,1200,1200,1.0,1.0
chr_101+CDS19,chr_101+CDS16,-,1045,1045,1045,1.0,1.0,3,3,909,909,909,1.0,1.0
chr_101+CDS22,chr_101+CDS19,-,1734,1734,1734,1.0,1.0,1,1,1734,1734,1734,1.0,1.0
chr_101+CDS25,chr_101+CDS22,-,1444,1444,1444,1.0,1.0,2,2,1389,1389,1389,1.0,1.0
chr_101+CDS30,chr_101+CDS27,-,3468,3468,3468,1.0,1.0,3,3,3354,3354,3354,1.0,1.0
chr_101+CDS31,chr_101+CDS28,-,1221,1221,1221,1.0,1.0,1,1,1221,1221,1221,1.0,1.0
chr_101+CDS36,chr_101+CDS32,-,4644,4644,4644,1.0,1.0,1,1,4644,4644,4644,1.0,1.0
chr_101+CDS38,chr_101+CDS34,-,784,784,784,1.0,1.0,4,4,627,627,627,1.0,1.0
chr_101+CDS47,chr_101+CDS42,-,562,562,562,1.0,1.0,3,3,456,456,456,1.0,1.0
chr_101+CDS55,chr_101+CDS49,-,1521,1521,1521,1.0,1.0,1,1,1521,1521,1521,1.0,1.0
chr_101+CDS57,chr_101+CDS51,-,693,693,693,1.0,1.0,1,1,693,693,693,1.0,1.0
chr_101+CDS67,chr_101+CDS60,-,4495,4495,4495,1.0,1.0,4,4,4332,4332,4332,1.0,1.0
chr_101+CDS68,chr_101+CDS61,-,592,592,592,1.0,1.0,2,2,528,528,528,1.0,1.0
chr_101+CDS69,chr_101+CDS62,-,1040,1040,1040,1.0,1.0,2,2,981,981,981,1.0,1.0
chr_101+CDS73,chr_101+CDS66,-,870,870,870,1.0,1.0,4,4,696,696,696,1.0,1.0
chr_101+CDS75,chr_101+CDS68,-,1932,1932,1932,1.0,1.0,7,7,1602,1602,1602,1.0,1.0
chr_101+CDS78,chr_101+CDS70,-,1152,1152,1152,1.0,1.0,1,1,1152,1152,1152,1.0,1.0
chr_101+CDS79,chr_101+CDS71,-,1449,1449,1449,1.0,1.0,1,1,1449,1449,1449,1.0,1.0
chr_101+CDS80,chr_101+CDS72,-,1425,1425,1425,1.0,1.0,4,4,1278,1278,1278,1.0,1.0
chr_101+CDS84,chr_101+CDS75,-,1992,1992,1992,1.0,1.0,1,1,1992,1992,1992,1.0,1.0
chr_101+CDS85,chr_101+CDS76,-,465,465,465,1.0,1.0,1,1,465,465,465,1.0,1.0
chr_101+CDS87,chr_101+CDS78,-,1008,1008,1008,1.0,1.0,5,5,762,762,762,1.0,1.0
chr_101+CDS88,chr_101+CDS79,-,1161,1161,1161,1.0,1.0,4,4,999,999,999,1.0,1.0
chr_101+CDS90,chr_101+CDS81,-,1194,1194,1194,1.0,1.0,3,3,1098,1098,1098,1.0,1.0
chr_101+CDS96,chr_101+CDS85,-,423,423,423,1.0,1.0,3,3,261,261,261,1.0,1.0
chr_101+CDS98,chr_101+CDS87,-,750,750,750,1.0,1.0,1,1,750,750,750,1.0,1.0
chr_101+CDS104,chr_101+CDS93,-,2327,2327,2327,1.0,1.0,2,2,2271,2271,2271,1.0,1.0
chr_101+CDS108,chr_101+CDS97,-,1724,1724,1724,1.0,1.0,5,5,1452,1452,1452,1.0,1.0
chr_101+CDS112,chr_101+CDS100,-,1293,1293,1293,1.0,1.0,3,3,1182,1182,1182,1.0,1.0
chr_101+CDS117,chr_101+CDS104,-,1179,1179,1179,1.0,1.0,1,1,1179,1179,1179,1.0,1.0
chr_101+CDS120,chr_101+CDS107,-,525,525,525,1.0,1.0,1,1,525,525,525,1.0,1.0
chr_101+CDS125,chr_101+CDS111,-,1499,1499,1499,1.0,1.0,2,2,1446,1446,1446,1.0,1.0
chr_101+CDS128,chr_101+CDS113,-,1853,1853,1853,1.0,1.0,4,4,1611,1611,1611,1.0,1.0
chr_101+CDS134,chr_101+CDS118,-,1072,1072,1072,1.0,1.0,2,2,1014,1014,1014,1.0,1.0
chr_101+CDS139,chr_101+CDS123,-,905,905,905,1.0,1.0,2,2,807,807,807,1.0,1.0
chr_101+CDS140,chr_101+CDS124,-,789,789,789,1.0,1.0,1,1,789,789,789,1.0,1.0
chr_101+CDS141,chr_101+CDS125,-,1386,1386,1386,1.0,1.0,1,1,1386,1386,1386,1.0,1.0
chr_101+CDS152,chr_101+CDS134,-,1721,1721,1721,1.0,1.0,5,5,1470,1470,1470,1.0,1.0
chr_101+CDS154,chr_101+CDS136,-,887,887,887,1.0,1.0,2,2,837,837,837,1.0,1.0
chr_101+CDS158,chr_101+CDS140,-,1832,1832,1832,1.0,1.0,6,6,1584,1584,1584,1.0,1.0
chr_101+CDS160,chr_101+CDS142,-,2521,2521,2521,1.0,1.0,3,3,2412,2412,2412,1.0,1.0
chr_101+CDS161,chr_101+CDS143,-,762,762,762,1.0,1.0,1,1,762,762,762,1.0,1.0
chr_101+CDS165,chr_101+CDS146,-,624,624,624,1.0,1.0,1,1,624,624,624,1.0,1.0
chr_101+CDS166,chr_101+CDS147,-,2660,2660,2660,1.0,1.0,2,2,2601,2601,2601,1.0,1.0
chr_101+CDS170,chr_101+CDS151,-,1072,1072,1072,1.0,1.0,4,4,897,897,897,1.0,1.0
chr_101+CDS172,chr_101+CDS153,-,3498,3498,3498,1.0,1.0,1,1,3498,3498,3498,1.0,1.0
chr_101+CDS173,chr_101+CDS154,-,480,480,480,1.0,1.0,2,2,405,405,405,1.0,1.0
chr_101+CDS174,chr_101+CDS155,-,1815,1815,1815,1.0,1.0,1,1,1815,1815,1815,1.0,1.0
chr_101+CDS177,chr_101+CDS158,-,1972,1972,1972,1.0,1.0,5,5,1767,1767,1767,1.0,1.0
chr_101+CDS179,chr_101+CDS160,-,3707,3707,3707,1.0,1.0,3,3,3612,3612,3612,1.0,1.0
chr_101+CDS182,chr_101+CDS163,-,958,958,958,1.0,1.0,2,2,876,876,876,1.0,1.0
chr_101+CDS183,chr_101+CDS164,-,817,817,817,1.0,1.0,2,2,759,759,759,1.0,1.0
chr_101+CDS184,chr_101+CDS165,-,354,354,354,1.0,1.0,1,1,354,354,354,1.0,1.0
chr_101+CDS186,chr_101+CDS167,-,687,687,687,1.0,1.0,1,1,687,687,687,1.0,1.0
chr_101+CDS187,chr_101+CDS168,-,1301,1301,1301,1.0,1.0,2,2,1242,1242,1242,1.0,1.0
chr_101+CDS190,chr_101+CDS171,-,807,807,807,1.0,1.0,1,1,807,807,807,1.0,1.0
chr_101+CDS193,chr_101+CDS174,-,1374,1374,1374,1.0,1.0,1,1,1374,1374,1374,1.0,1.0
chr_101+CDS195,chr_101+CDS176,-,1592,1592,1592,1.0,1.0,2,2,1536,1536,1536,1.0,1.0
chr_101+CDS197,chr_101+CDS178,-,774,774,774,1.0,1.0,1,1,774,774,774,1.0,1.0
chr_101+CDS198,chr_101+CDS179,-,1450,1450,1450,1.0,1.0,2,2,1386,1386,1386,1.0,1.0
chr_101+CDS202,chr_101+CDS183,-,1536,1536,1536,1.0,1.0,1,1,1536,1536,1536,1.0,1.0
chr_101+CDS212,chr_101+CDS192,-,1503,1503,1503,1.0,1.0,1,1,1503,1503,1503,1.0,1.0
chr_101+CDS216,chr_101+CDS195,-,2856,2856,2856,1.0,1.0,1,1,2856,2856,2856,1.0,1.0
chr_101+CDS217,chr_101+CDS196,-,2916,2916,2916,1.0,1.0,1,1,2916,2916,2916,1.0,1.0
chr_101+CDS218,chr_101+CDS197,-,1449,1449,1449,1.0,1.0,1,1,1449,1449,1449,1.0,1.0
chr_101+CDS225,chr_101+CDS202,-,648,648,648,1.0,1.0,1,1,648,648,648,1.0,1.0
chr_101+CDS230,chr_101+CDS207,-,2427,2427,2427,1.0,1.0,1,1,2427,2427,2427,1.0,1.0
chr_101+CDS232,chr_101+CDS209,-,1893,1893,1893,1.0,1.0,1,1,1893,1893,1893,1.0,1.0
chr_101+CDS235,chr_101+CDS211,-,1781,1781,1781,1.0,1.0,4,4,1584,1584,1584,1.0,1.0
chr_101+CDS237,chr_101+CDS213,-,744,744,744,1.0,1.0,1,1,744,744,744,1.0,1.0
chr_101+CDS242,chr_101+CDS216,-,1675,1675,1675,1.0,1.0,2,2,1551,1551,1551,1.0,1.0
chr_101+CDS248,chr_101+CDS221,-,7533,7533,7533,1.0,1.0,5,5,7278,7278,7278,1.0,1.0
chr_101+CDS252,chr_101+CDS225,-,2358,2358,2358,1.0,1.0,3,3,2247,2247,2247,1.0,1.0
chr_101+CDS256,chr_101+CDS228,-,2240,2240,2240,1.0,1.0,9,9,1716,1716,1716,1.0,1.0
chr_101+CDS259,chr_101+CDS231,-,1812,1812,1812,1.0,1.0,5,5,1548,1548,1548,1.0,1.0
chr_101+CDS267,chr_101+CDS236,-,1134,1134,1134,1.0,1.0,1,1,1134,1134,1134,1.0,1.0
chr_101+CDS270,chr_101+CDS239,-,1891,1891,1891,1.0,1.0,4,4,1698,1698,1698,1.0,1.0
chr_101+CDS277,chr_101+CDS243,-,2130,2130,2130,1.0,1.0,2,2,1989,1989,1989,1.0,1.0
chr_101+CDS279,chr_101+CDS245,-,1012,1012,1012,1.0,1.0,3,3,759,759,759,1.0,1.0
chr_101+CDS284,chr_101+CDS250,-,2422,2422,2422,1.0,1.0,2,2,2361,2361,2361,1.0,1.0
chr_101+CDS292,chr_101+CDS256,-,636,636,636,1.0,1.0,1,1,636,636,636,1.0,1.0
chr_101+CDS298,chr_101+CDS261,-,1890,1890,1890,1.0,1.0,3,3,1779,1779,1779,1.0,1.0
chr_101+CDS301,chr_101+CDS264,-,1953,1953,1953,1.0,1.0,1,1,1953,1953,1953,1.0,1.0
chr_101+CDS303,chr_101+CDS266,-,3062,3062,3062,1.0,1.0,16,16,2253,2253,2253,1.0,1.0
chr_101+CDS304,chr_101+CDS267,-,2130,2130,2130,1.0,1.0,6,6,1866,1866,1866,1.0,1.0
chr_101+CDS305,chr_101+CDS268,-,546,546,546,1.0,1.0,1,1,546,546,546,1.0,1.0
chr_101+CDS309,chr_101+CDS271,-,945,945,945,1.0,1.0,1,1,945,945,945,1.0,1.0
chr_101+CDS314,chr_101+CDS276,-,2040,2040,2040,1.0,1.0,1,1,2040,2040,2040,1.0,1.0
chr_101+CDS317,chr_101+CDS279,-,2513,2513,2513,1.0,1.0,8,8,2076,2076,2076,1.0,1.0
chr_101+CDS318,chr_101+CDS280,-,1247,1247,1247,1.0,1.0,6,6,996,996,996,1.0,1.0
chr_101+CDS320,chr_101+CDS282,-,646,646,646,1.0,1.0,3,3,495,495,495,1.0,1.0
chr_101+CDS321,chr_101+CDS283,-,1628,1628,1628,1.0,1.0,4,4,1458,1458,1458,1.0,1.0
chr_101+CDS324,chr_101+CDS286,-,1490,1490,1490,1.0,1.0,4,4,1302,1302,1302,1.0,1.0
chr_101+CDS326,chr_101+CDS288,-,1464,1464,1464,1.0,1.0,2,2,1353,1353,1353,1.0,1.0
chr_101+CDS328,chr_101+CDS290,-,1120,1120,1120,1.0,1.0,2,2,1059,1059,1059,1.0,1.0
chr_101+CDS330,chr_101+CDS291,-,833,833,833,1.0,1.0,4,4,555,555,555,1.0,1.0
chr_101+CDS331,chr_101+CDS292,-,3078,3078,3078,1.0,1.0,6,6,2745,2745,2745,1.0,1.0
chr_101+CDS340,chr_101+CDS300,-,1130,1130,1130,1.0,1.0,4,4,780,780,780,1.0,1.0
chr_101+CDS341,chr_101+CDS301,-,4341,4341,4341,1.0,1.0,10,10,3501,3501,3501,1.0,1.0
chr_101+CDS344,chr_101+CDS303,-,1197,1197,1197,1.0,1.0,2,2,1137,1137,1137,1.0,1.0
chr_101+CDS346,chr_101+CDS305,-,556,556,556,1.0,1.0,2,2,498,498,498,1.0,1.0
chr_101+CDS350,chr_101+CDS309,-,632,632,632,1.0,1.0,2,2,561,561,561,1.0,1.0
chr_101+CDS351,chr_101+CDS310,-,1518,1518,1518,1.0,1.0,2,2,1467,1467,1467,1.0,1.0
chr_101+CDS352,chr_101+CDS311,-,1782,1782,1782,1.0,1.0,2,2,1548,1548,1548,1.0,1.0
chr_101+CDS356,chr_101+CDS314,-,903,903,903,1.0,1.0,1,1,903,903,903,1.0,1.0
chr_101+CDS362,chr_101+CDS318,-,2046,2046,2046,1.0,1.0,2,2,1995,1995,1995,1.0,1.0
chr_101+CDS376,chr_101+CDS329,-,2980,2980,2980,1.0,1.0,5,5,2697,2697,2697,1.0,1.0
chr_101+CDS380,chr_101+CDS333,-,1251,1251,1251,1.0,1.0,1,1,1251,1251,1251,1.0,1.0
chr_101+CDS385,chr_101+CDS337,-,1731,1731,1731,1.0,1.0,1,1,1731,1731,1731,1.0,1.0
chr_101+CDS386,chr_101+CDS338,-,1966,1966,1966,1.0,1.0,8,8,1578,1578,1578,1.0,1.0
chr_101+CDS392,chr_101+CDS344,-,1914,1914,1914,1.0,1.0,1,1,1914,1914,1914,1.0,1.0
chr_101+CDS395,chr_101+CDS347,-,1255,1255,1255,1.0,1.0,3,3,1077,1077,1077,1.0,1.0
chr_101+CDS396,chr_101+CDS348,-,1120,1120,1120,1.0,1.0,2,2,1059,1059,1059,1.0,1.0
chr_101+CDS397,chr_101+CDS349,-,1831,1831,1831,1.0,1.0,3,3,1692,1692,1692,1.0,1.0
chr_101+CDS398,chr_101+CDS350,-,1030,1030,1030,1.0,1.0,2,2,957,957,957,1.0,1.0
chr_101+CDS399,chr_101+CDS351,-,1746,1746,1746,1.0,1.0,2,2,1689,1689,1689,1.0,1.0
chr_101+CDS402,chr_101+CDS354,-,1696,1696,1696,1.0,1.0,3,3,1557,1557,1557,1.0,1.0
chr_101+CDS412,chr_101+CDS363,-,1312,1312,1312,1.0,1.0,3,3,1185,1185,1185,1.0,1.0
chr_101+CDS422,chr_101+CDS373,-,1521,1521,1521,1.0,1.0,7,7,1152,1152,1152,1.0,1.0
chr_101+CDS424,chr_101+CDS375,-,1207,1207,1207,1.0,1.0,4,4,957,957,957,1.0,1.0
chr_101+CDS425,chr_101+CDS376,-,4272,4272,4272,1.0,1.0,2,2,4221,4221,4221,1.0,1.0
chr_101+CDS429,chr_101+CDS380,-,596,596,596,1.0,1.0,2,2,534,534,534,1.0,1.0
chr_101+CDS431,chr_101+CDS382,-,1611,1611,1611,1.0,1.0,1,1,1611,1611,1611,1.0,1.0
chr_101+CDS432,chr_101+CDS383,-,531,531,531,1.0,1.0,1,1,531,531,531,1.0,1.0
chr_101+CDS436,chr_101+CDS387,-,643,643,643,1.0,1.0,2,2,588,588,588,1.0,1.0
chr_101+CDS444,chr_101+CDS394,-,1816,1816,1816,1.0,1.0,2,2,1737,1737,1737,1.0,1.0
chr_101+CDS445,chr_101+CDS395,-,2097,2097,2097,1.0,1.0,5,5,1872,1872,1872,1.0,1.0
chr_101+CDS446,chr_101+CDS396,-,1465,1465,1465,1.0,1.0,4,4,1269,1269,1269,1.0,1.0
chr_101+CDS452,chr_101+CDS400,-,614,614,614,1.0,1.0,4,4,393,393,393,1.0,1.0
chr_101+CDS458,chr_101+CDS406,-,4385,4385,4385,1.0,1.0,2,2,4326,4326,4326,1.0,1.0
chr_101+CDS460,chr_101+CDS408,-,872,872,872,1.0,1.0,3,3,723,723,723,1.0,1.0
chr_101+CDS462,chr_101+CDS410,-,6680,6680,6680,1.0,1.0,5,5,6462,6462,6462,1.0,1.0
chr_101+CDS466,chr_101+CDS412,-,1425,1425,1425,1.0,1.0,1,1,1425,1425,1425,1.0,1.0
chr_101+CDS468,chr_101+CDS414,-,5450,5450,5450,1.0,1.0,5,5,5175,5175,5175,1.0,1.0
chr_101+CDS470,chr_101+CDS416,-,737,737,737,1.0,1.0,2,2,675,675,675,1.0,1.0
chr_101+CDS474,chr_101+CDS420,-,944,944,944,1.0,1.0,7,7,462,462,462,1.0,1.0
chr_101+CDS480,chr_101+CDS425,-,3257,3257,3257,1.0,1.0,4,4,3060,3060,3060,1.0,1.0
chr_101+CDS481,chr_101+CDS426,-,2195,2195,2195,1.0,1.0,2,2,2139,2139,2139,1.0,1.0
chr_101+CDS483,chr_101+CDS428,-,985,985,985,1.0,1.0,2,2,891,891,891,1.0,1.0
chr_101+CDS486,chr_101+CDS431,-,1273,1273,1273,1.0,1.0,3,3,1167,1167,1167,1.0,1.0
chr_101+CDS489,chr_101+CDS434,-,1106,1106,1106,1.0,1.0,2,2,1035,1035,1035,1.0,1.0
chr_101+CDS490,chr_101+CDS435,-,1559,1559,1559,1.0,1.0,2,2,1500,1500,1500,1.0,1.0
chr_101+CDS491,chr_101+CDS436,-,1467,1467,1467,1.0,1.0,3,3,1344,1344,1344,1.0,1.0
chr_101+CDS494,chr_101+CDS439,-,616,616,616,1.0,1.0,2,2,501,501,501,1.0,1.0
chr_101+CDS495,chr_101+CDS440,-,1664,1664,1664,1.0,1.0,2,2,1617,1617,1617,1.0,1.0
chr_101+CDS496,chr_101+CDS441,-,430,430,430,1.0,1.0,2,2,378,378,378,1.0,1.0
chr_101+CDS498,chr_101+CDS443,-,4430,4430,4430,1.0,1.0,2,2,4356,4356,4356,1.0,1.0
chr_101+CDS499,chr_101+CDS444,-,1479,1479,1479,1.0,1.0,1,1,1479,1479,1479,1.0,1.0
chr_101+CDS501,chr_101+CDS446,-,1355,1355,1355,1.0,1.0,2,2,1302,1302,1302,1.0,1.0
chr_101+CDS504,chr_101+CDS449,-,1723,1723,1723,1.0,1.0,2,2,1626,1626,1626,1.0,1.0
chr_101+CDS507,chr_101+CDS452,-,1551,1551,1551,1.0,1.0,1,1,1551,1551,1551,1.0,1.0
chr_101+CDS508,chr_101+CDS453,-,1951,1951,1951,1.0,1.0,4,4,1413,1413,1413,1.0,1.0
chr_101+CDS512,chr_101+CDS456,-,1581,1581,1581,1.0,1.0,2,2,1509,1509,1509,1.0,1.0
chr_101+CDS514,chr_101+CDS458,-,879,879,879,1.0,1.0,1,1,879,879,879,1.0,1.0
chr_101+CDS521,chr_101+CDS465,-,569,569,569,1.0,1.0,3,3,387,387,387,1.0,1.0
chr_101+CDS533,chr_101+CDS477,-,1215,1215,1215,1.0,1.0,2,2,1158,1158,1158,1.0,1.0
chr_101+CDS541,chr_101+CDS484,-,2301,2301,2301,1.0,1.0,3,3,2172,2172,2172,1.0,1.0
chr_101+CDS547,chr_101+CDS489,-,1812,1812,1812,1.0,1.0,7,7,1425,1425,1425,1.0,1.0
chr_101+CDS549,chr_101+CDS491,-,1643,1643,1643,1.0,1.0,6,6,1302,1302,1302,1.0,1.0
chr_101+CDS555,chr_101+CDS497,-,3276,3276,3276,1.0,1.0,1,1,3276,3276,3276,1.0,1.0
chr_102+CDS572,chr_102+CDS525,-,1470,1470,1470,1.0,1.0,1,1,1470,1470,1470,1.0,1.0
chr_102+CDS575,chr_102+CDS527,-,903,903,903,1.0,1.0,1,1,903,903,903,1.0,1.0
chr_102+CDS578,chr_102+CDS530,-,1147,1147,1147,1.0,1.0,2,2,1053,1053,1053,1.0,1.0
chr_102+CDS582,chr_102+CDS534,-,1338,1338,1338,1.0,1.0,1,1,1338,1338,1338,1.0,1.0
chr_102+CDS588,chr_102+CDS540,-,1228,1228,1228,1.0,1.0,3,3,1113,1113,1113,1.0,1.0
chr_102+CDS595,chr_102+CDS546,-,678,678,678,1.0,1.0,1,1,678,678,678,1.0,1.0
chr_102+CDS597,chr_102+CDS548,-,1265,1265,1265,1.0,1.0,4,4,1068,1068,1068,1.0,1.0
chr_102+CDS603,chr_102+CDS553,-,321,321,321,1.0,1.0,2,2,276,276,276,1.0,1.0
chr_102+CDS607,chr_102+CDS557,-,1682,1682,1682,1.0,1.0,2,2,1632,1632,1632,1.0,1.0
chr_102+CDS609,chr_102+CDS559,-,988,988,988,1.0,1.0,2,2,891,891,891,1.0,1.0
chr_102+CDS610,chr_102+CDS560,-,797,797,797,1.0,1.0,3,3,654,654,654,1.0,1.0
chr_102+CDS617,chr_102+CDS567,-,680,680,680,1.0,1.0,3,3,543,543,543,1.0,1.0
chr_102+CDS623,chr_102+CDS574,-,1227,1227,1227,1.0,1.0,1,1,1227,1227,1227,1.0,1.0
chr_102+CDS624,chr_102+CDS575,-,952,952,952,1.0,1.0,2,2,897,897,897,1.0,1.0
chr_202+CDS609,chr_202+CDS535,-,3427,3427,3427,1.0,1.0,5,5,3195,3195,3195,1.0,1.0
chr_202+CDS616,chr_202+CDS542,-,1927,1927,1927,1.0,1.0,5,5,1653,1653,1653,1.0,1.0
chr_202+CDS620,chr_202+CDS546,-,7987,7987,7987,1.0,1.0,7,7,7584,7584,7584,1.0,1.0
chr_202+CDS623,chr_202+CDS549,-,1431,1431,1431,1.0,1.0,1,1,1431,1431,1431,1.0,1.0
chr_202+CDS629,chr_202+CDS554,-,1346,1346,1346,1.0,1.0,5,5,1020,1020,1020,1.0,1.0
chr_202+CDS630,chr_202+CDS555,-,2198,2198,2198,1.0,1.0,2,2,2148,2148,2148,1.0,1.0
chr_202+CDS634,chr_202+CDS558,-,636,636,636,1.0,1.0,3,3,432,432,432,1.0,1.0
chr_202+CDS641,chr_202+CDS564,-,1947,1947,1947,1.0,1.0,3,3,1821,1821,1821,1.0,1.0
chr_202+CDS643,chr_202+CDS566,-,2124,2124,2124,1.0,1.0,4,4,1908,1908,1908,1.0,1.0
chr_202+CDS645,chr_202+CDS568,-,2632,2632,2632,1.0,1.0,3,3,2502,2502,2502,1.0,1.0
chr_202+CDS648,chr_202+CDS571,-,909,909,909,1.0,1.0,1,1,909,909,909,1.0,1.0
chr_202+CDS651,chr_202+CDS574,-,1355,1355,1355,1.0,1.0,2,2,1287,1287,1287,1.0,1.0
chr_202+CDS655,chr_202+CDS578,-,838,838,838,1.0,1.0,2,2,738,738,738,1.0,1.0
chr_202+CDS660,chr_202+CDS583,-,789,789,789,1.0,1.0,2,2,705,705,705,1.0,1.0
chr_202+CDS664,chr_202+CDS587,-,1121,1121,1121,1.0,1.0,3,3,717,717,717,1.0,1.0
chr_202+CDS665,chr_202+CDS588,-,1690,1690,1690,1.0,1.0,4,4,1479,1479,1479,1.0,1.0
chr_202+CDS670,chr_202+CDS593,-,5202,5202,5202,1.0,1.0,5,5,4983,4983,4983,1.0,1.0
chr_202+CDS672,chr_202+CDS595,-,1096,1096,1096,1.0,1.0,5,5,825,825,825,1.0,1.0
chr_202+CDS674,chr_202+CDS597,-,1598,1598,1598,1.0,1.0,2,2,1533,1533,1533,1.0,1.0
chr_202+CDS677,chr_202+CDS600,-,1206,1206,1206,1.0,1.0,3,3,1032,1032,1032,1.0,1.0
chr_202+CDS679,chr_202+CDS602,-,2782,2782,2782,1.0,1.0,4,4,2595,2595,2595,1.0,1.0
chr_202+CDS681,chr_202+CDS604,-,1205,1205,1205,1.0,1.0,4,4,984,984,984,1.0,1.0
chr_202+CDS683,chr_202+CDS606,-,1780,1780,1780,1.0,1.0,3,3,1644,1644,1644,1.0,1.0
chr_202+CDS686,chr_202+CDS608,-,1380,1380,1380,1.0,1.0,6,6,1128,1128,1128,1.0,1.0
chr_202+CDS688,chr_202+CDS610,-,718,718,718,1.0,1.0,2,2,654,654,654,1.0,1.0
chr_202+CDS689,chr_202+CDS611,-,518,518,518,1.0,1.0,3,3,366,366,366,1.0,1.0
chr_202+CDS696,chr_202+CDS618,-,890,890,890,1.0,1.0,2,2,837,837,837,1.0,1.0
chr_202+CDS704,chr_202+CDS626,-,402,402,402,1.0,1.0,2,2,345,345,345,1.0,1.0
chr_202+CDS717,chr_202+CDS637,-,2727,2727,2727,1.0,1.0,4,4,2490,2490,2490,1.0,1.0
chr_202+CDS723,chr_202+CDS642,-,3588,3588,3588,1.0,1.0,1,1,3588,3588,3588,1.0,1.0
chr_202+CDS725,chr_202+CDS644,-,1232,1232,1232,1.0,1.0,3,3,1119,1119,1119,1.0,1.0
chr_202+CDS730,chr_202+CDS649,-,4240,4240,4240,1.0,1.0,5,5,3945,3945,3945,1.0,1.0
chr_202+CDS732,chr_202+CDS652,-,1081,1081,1081,1.0,1.0,6,6,795,795,795,1.0,1.0
chr_202+CDS734,chr_202+CDS654,-,2311,2311,2311,1.0,1.0,2,2,2250,2250,2250,1.0,1.0
chr_202+CDS742,chr_202+CDS660,-,2001,2001,2001,1.0,1.0,6,6,1704,1704,1704,1.0,1.0
chr_202+CDS743,chr_202+CDS661,-,860,860,860,1.0,1.0,3,3,729,729,729,1.0,1.0
chr_202+CDS746,chr_202+CDS664,-,879,879,879,1.0,1.0,4,4,669,669,669,1.0,1.0
chr_202+CDS748,chr_202+CDS666,-,1807,1807,1807,1.0,1.0,3,3,1692,1692,1692,1.0,1.0
chr_202+CDS753,chr_202+CDS670,-,1594,1594,1594,1.0,1.0,2,2,1536,1536,1536,1.0,1.0
chr_202+CDS755,chr_202+CDS671,-,1552,1552,1552,1.0,1.0,2,2,1476,1476,1476,1.0,1.0
chr_202+CDS756,chr_202+CDS672,-,2587,2587,2587,1.0,1.0,2,2,2535,2535,2535,1.0,1.0
chr_202+CDS757,chr_202+CDS673,-,1646,1646,1646,1.0,1.0,4,4,1428,1428,1428,1.0,1.0
chr_202+CDS761,chr_202+CDS677,-,3432,3432,3432,1.0,1.0,1,1,3432,3432,3432,1.0,1.0
chr_202+CDS762,chr_202+CDS678,-,1359,1359,1359,1.0,1.0,3,3,1248,1248,1248,1.0,1.0
chr_202+CDS764,chr_202+CDS680,-,1150,1150,1150,1.0,1.0,3,3,969,969,969,1.0,1.0
chr_202+CDS776,chr_202+CDS691,-,873,873,873,1.0,1.0,2,2,822,822,822,1.0,1.0
chr_202+CDS777,chr_202+CDS692,-,888,888,888,1.0,1.0,1,1,888,888,888,1.0,1.0
chr_202+CDS779,chr_202+CDS694,-,802,802,802,1.0,1.0,3,3,654,654,654,1.0,1.0
chr_202+CDS785,chr_202+CDS699,-,2372,2372,2372,1.0,1.0,2,2,2319,2319,2319,1.0,1.0
chr_202+CDS790,chr_202+CDS703,-,997,997,997,1.0,1.0,4,4,657,657,657,1.0,1.0
chr_202+CDS791,chr_202+CDS704,-,3737,3737,3737,1.0,1.0,2,2,3678,3678,3678,1.0,1.0
chr_202+CDS792,chr_202+CDS705,-,1107,1107,1107,1.0,1.0,1,1,1107,1107,1107,1.0,1.0
chr_202+CDS794,chr_202+CDS707,-,677,677,677,1.0,1.0,3,3,543,543,543,1.0,1.0
chr_202+CDS796,chr_202+CDS709,-,1947,1947,1947,1.0,1.0,2,2,1890,1890,1890,1.0,1.0
chr_202+CDS799,chr_202+CDS712,-,1278,1278,1278,1.0,1.0,1,1,1278,1278,1278,1.0,1.0
chr_202+CDS800,chr_202+CDS713,-,765,765,765,1.0,1.0,3,3,540,540,540,1.0,1.0
chr_202+CDS802,chr_202+CDS715,-,1091,1091,1091,1.0,1.0,5,5,807,807,807,1.0,1.0
chr_202+CDS804,chr_202+CDS717,-,1154,1154,1154,1.0,1.0,3,3,963,963,963,1.0,1.0
chr_202+CDS806,chr_202+CDS719,-,2064,2064,2064,1.0,1.0,5,5,1821,1821,1821,1.0,1.0
chr_202+CDS816,chr_202+CDS726,-,4622,4622,4622,1.0,1.0,3,3,4497,4497,4497,1.0,1.0
chr_202+CDS820,chr_202+CDS730,-,353,353,353,1.0,1.0,2,2,291,291,291,1.0,1.0
chr_202+CDS822,chr_202+CDS732,-,1334,1334,1334,1.0,1.0,3,3,1221,1221,1221,1.0,1.0
chr_202+CDS826,chr_202+CDS736,-,1850,1850,1850,1.0,1.0,5,5,1617,1617,1617,1.0,1.0
chr_202+CDS827,chr_202+CDS737,-,2467,2467,2467,1.0,1.0,5,5,2190,2190,2190,1.0,1.0
chr_202+CDS828,chr_202+CDS738,-,2738,2738,2738,1.0,1.0,11,11,2148,2148,2148,1.0,1.0
chr_202+CDS829,chr_202+CDS739,-,1001,1001,1001,1.0,1.0,4,4,789,789,789,1.0,1.0
chr_202+CDS831,chr_202+CDS741,-,931,931,931,1.0,1.0,2,2,861,861,861,1.0,1.0
chr_202+CDS834,chr_202+CDS744,-,1991,1991,1991,1.0,1.0,4,4,1821,1821,1821,1.0,1.0
chr_202+CDS836,chr_202+CDS746,-,1177,1177,1177,1.0,1.0,5,5,939,939,939,1.0,1.0
chr_202+CDS837,chr_202+CDS747,-,852,852,852,1.0,1.0,1,1,852,852,852,1.0,1.0
chr_202+CDS844,chr_202+CDS753,-,2095,2095,2095,1.0,1.0,4,4,1911,1911,1911,1.0,1.0
chr_202+CDS847,chr_202+CDS756,-,1301,1301,1301,1.0,1.0,5,5,1074,1074,1074,1.0,1.0
chr_202+CDS849,chr_202+CDS758,-,2297,2297,2297,1.0,1.0,4,4,2082,2082,2082,1.0,1.0
chr_202+CDS852,chr_202+CDS761,-,1408,1408,1408,1.0,1.0,3,3,1293,1293,1293,1.0,1.0
chr_202+CDS856,chr_202+CDS765,-,1810,1810,1810,1.0,1.0,2,2,1719,1719,1719,1.0,1.0
chr_202+CDS858,chr_202+CDS767,-,1076,1076,1076,1.0,1.0,2,2,873,873,873,1.0,1.0
chr_202+CDS860,chr_202+CDS769,-,1869,1869,1869,1.0,1.0,1,1,1869,1869,1869,1.0,1.0
chr_202+CDS861,chr_202+CDS770,-,1530,1530,1530,1.0,1.0,3,3,1428,1428,1428,1.0,1.0
chr_202+CDS865,chr_202+CDS773,-,1050,1050,1050,1.0,1.0,1,1,1050,1050,1050,1.0,1.0
chr_202+CDS867,chr_202+CDS775,-,1473,1473,1473,1.0,1.0,1,1,1473,1473,1473,1.0,1.0
chr_202+CDS869,chr_202+CDS777,-,924,924,924,1.0,1.0,3,3,792,792,792,1.0,1.0
chr_202+CDS871,chr_202+CDS779,-,825,825,825,1.0,1.0,1,1,825,825,825,1.0,1.0
chr_202+CDS874,chr_202+CDS782,-,1738,1738,1738,1.0,1.0,2,2,1644,1644,1644,1.0,1.0
chr_202+CDS877,chr_202+CDS785,-,1664,1664,1664,1.0,1.0,5,5,1440,1440,1440,1.0,1.0
chr_202+CDS879,chr_202+CDS787,-,1499,1499,1499,1.0,1.0,2,2,1428,1428,1428,1.0,1.0
chr_202+CDS883,chr_202+CDS791,-,2094,2094,2094,1.0,1.0,12,12,1422,1422,1422,1.0,1.0
chr_202+CDS885,chr_202+CDS793,-,4683,4683,4683,1.0,1.0,4,4,4506,4506,4506,1.0,1.0
chr_202+CDS888,chr_202+CDS796,-,1336,1336,1336,1.0,1.0,2,2,1278,1278,1278,1.0,1.0
chr_202+CDS890,chr_202+CDS798,-,3730,3730,3730,1.0,1.0,7,7,3414,3414,3414,1.0,1.0
chr_202+CDS891,chr_202+CDS799,-,899,899,899,1.0,1.0,2,2,804,804,804,1.0,1.0
chr_202+CDS896,chr_202+CDS803,-,3159,3159,3159,1.0,1.0,5,5,2637,2637,2637,1.0,1.0
chr_202+CDS902,chr_202+CDS809,-,663,663,663,1.0,1.0,1,1,663,663,663,1.0,1.0
chr_202+CDS905,chr_202+CDS812,-,1384,1384,1384,1.0,1.0,3,3,1260,1260,1260,1.0,1.0
chr_202+CDS907,chr_202+CDS813,-,1298,1298,1298,1.0,1.0,2,2,1233,1233,1233,1.0,1.0
chr_202+CDS911,chr_202+CDS817,-,1889,1889,1889,1.0,1.0,7,7,1536,1536,1536,1.0,1.0
chr_202+CDS913,chr_202+CDS818,-,2421,2421,2421,1.0,1.0,3,3,2292,2292,2292,1.0,1.0
chr_202+CDS922,chr_202+CDS824,-,531,531,531,1.0,1.0,1,1,531,531,531,1.0,1.0
chr_202+CDS924,chr_202+CDS826,-,1127,1127,1127,1.0,1.0,2,2,1059,1059,1059,1.0,1.0
chr_202+CDS926,chr_202+CDS828,-,879,879,879,1.0,1.0,2,2,822,822,822,1.0,1.0
chr_202+CDS929,chr_202+CDS831,-,1107,1107,1107,1.0,1.0,3,3,984,984,984,1.0,1.0
chr_202+CDS937,chr_202+CDS838,-,829,829,829,1.0,1.0,2,2,768,768,768,1.0,1.0
chr_202+CDS942,chr_202+CDS842,-,339,339,339,1.0,1.0,2,2,264,264,264,1.0,1.0
chr_202+CDS943,chr_202+CDS843,-,1044,1044,1044,1.0,1.0,1,1,1044,1044,1044,1.0,1.0
chr_202+CDS945,chr_202+CDS845,-,2373,2373,2373,1.0,1.0,1,1,2373,2373,2373,1.0,1.0
chr_202+CDS950,chr_202+CDS850,-,2190,2190,2190,1.0,1.0,1,1,2190,2190,2190,1.0,1.0
chr_202+CDS951,chr_202+CDS851,-,838,838,838,1.0,1.0,3,3,597,597,597,1.0,1.0
chr_202+CDS957,chr_202+CDS857,-,747,747,747,1.0,1.0,1,1,747,747,747,1.0,1.0
chr_202+CDS961,chr_202+CDS861,-,1581,1581,1581,1.0,1.0,1,1,1581,1581,1581,1.0,1.0
chr_202+CDS963,chr_202+CDS863,-,1386,1386,1386,1.0,1.0,3,3,1191,1191,1191,1.0,1.0
chr_202+CDS966,chr_202+CDS865,-,1997,1997,1997,1.0,1.0,2,2,1938,1938,1938,1.0,1.0
chr_202+CDS974,chr_202+CDS873,-,1812,1812,1812,1.0,1.0,6,6,1554,1554,1554,1.0,1.0
chr_202+CDS978,chr_202+CDS876,-,426,426,426,1.0,1.0,3,3,312,312,312,1.0,1.0
chr_202+CDS981,chr_202+CDS879,-,2721,2721,2721,1.0,1.0,5,5,2472,2472,2472,1.0,1.0
chr_202+CDS986,chr_202+CDS884,-,330,330,330,1.0,1.0,1,1,330,330,330,1.0,1.0
chr_202+CDS1006,chr_202+CDS902,-,646,646,646,1.0,1.0,2,2,585,585,585,1.0,1.0
chr_202+CDS1011,chr_202+CDS907,-,650,650,650,1.0,1.0,3,3,480,480,480,1.0,1.0
chr_202+CDS1012,chr_202+CDS908,-,339,339,339,1.0,1.0,3,3,213,213,213,1.0,1.0
chr_202+CDS1014,chr_202+CDS910,-,852,852,852,1.0,1.0,1,1,852,852,852,1.0,1.0
chr_202+CDS1018,chr_202+CDS914,-,1479,1479,1479,1.0,1.0,5,5,1233,1233,1233,1.0,1.0
chr_202+CDS1020,chr_202+CDS915,-,2389,2389,2389,1.0,1.0,2,2,2334,2334,2334,1.0,1.0
chr_202+CDS1021,chr_202+CDS917,-,1455,1455,1455,1.0,1.0,3,3,1350,1350,1350,1.0,1.0
chr_202+CDS1024,chr_202+CDS919,-,2683,2683,2683,1.0,1.0,2,2,2622,2622,2622,1.0,1.0
chr_202+CDS1028,chr_202+CDS923,-,2016,2016,2016,1.0,1.0,5,5,1809,1809,1809,1.0,1.0
chr_202+CDS1029,chr_202+CDS924,-,1337,1337,1337,1.0,1.0,4,4,1173,1173,1173,1.0,1.0
chr_202+CDS1031,chr_202+CDS926,-,1053,1053,1053,1.0,1.0,1,1,1053,1053,1053,1.0,1.0
chr_202+CDS1037,chr_202+CDS932,-,622,622,622,1.0,1.0,3,3,516,516,516,1.0,1.0
chr_202+CDS1039,chr_202+CDS934,-,2699,2699,2699,1.0,1.0,4,4,2514,2514,2514,1.0,1.0
chr_202+CDS1043,chr_202+CDS938,-,865,865,865,1.0,1.0,3,3,708,708,708,1.0,1.0
chr_202+CDS1045,chr_202+CDS940,-,1605,1605,1605,1.0,1.0,3,3,1455,1455,1455,1.0,1.0
chr_202+CDS1047,chr_202+CDS942,-,648,648,648,1.0,1.0,1,1,648,648,648,1.0,1.0
chr_202+CDS1049,chr_202+CDS944,-,2377,2377,2377,1.0,1.0,3,3,2271,2271,2271,1.0,1.0
chr_202+CDS1050,chr_202+CDS945,-,2258,2258,2258,1.0,1.0,3,3,2139,2139,2139,1.0,1.0
chr_202+CDS1051,chr_202+CDS946,-,345,345,345,1.0,1.0,1,1,345,345,345,1.0,1.0
chr_202+CDS1053,chr_202+CDS948,-,1407,1407,1407,1.0,1.0,1,1,1407,1407,1407,1.0,1.0
chr_202+CDS1058,chr_202+CDS952,-,1118,1118,1118,1.0,1.0,2,2,1047,1047,1047,1.0,1.0
chr_202+CDS1061,chr_202+CDS955,-,3434,3434,3434,1.0,1.0,9,9,3024,3024,3024,1.0,1.0
chr_202+CDS1063,chr_202+CDS957,-,2873,2873,2873,1.0,1.0,4,4,2643,2643,2643,1.0,1.0
chr_202+CDS1066,chr_202+CDS960,-,1667,1667,1667,1.0,1.0,5,5,1440,1440,1440,1.0,1.0
chr_202+CDS1067,chr_202+CDS961,-,972,972,972,1.0,1.0,1,1,972,972,972,1.0,1.0
chr_202+CDS1068,chr_202+CDS962,-,1247,1247,1247,1.0,1.0,3,3,942,942,942,1.0,1.0
chr_202+CDS1069,chr_202+CDS963,-,841,841,841,1.0,1.0,2,2,762,762,762,1.0,1.0
chr_202+CDS1073,chr_202+CDS965,-,2447,2447,2447,1.0,1.0,4,4,2280,2280,2280,1.0,1.0
chr_202+CDS1075,chr_202+CDS967,-,1152,1152,1152,1.0,1.0,3,3,990,990,990,1.0,1.0
chr_202+CDS1076,chr_202+CDS968,-,1977,1977,1977,1.0,1.0,2,2,1920,1920,1920,1.0,1.0
chr_202+CDS1082,chr_202+CDS974,-,1860,1860,1860,1.0,1.0,1,1,1860,1860,1860,1.0,1.0
chr_202+CDS1083,chr_202+CDS975,-,1006,1006,1006,1.0,1.0,3,3,798,798,798,1.0,1.0
chr_202+CDS1087,chr_202+CDS979,-,897,897,897,1.0,1.0,1,1,897,897,897,1.0,1.0
chr_202+CDS1088,chr_202+CDS980,-,2899,2899,2899,1.0,1.0,2,2,2850,2850,2850,1.0,1.0
chr_202+CDS1089,chr_202+CDS981,-,1498,1498,1498,1.0,1.0,3,3,1308,1308,1308,1.0,1.0
chr_202+CDS1093,chr_202+CDS985,-,1896,1896,1896,1.0,1.0,3,3,1758,1758,1758,1.0,1.0
chr_202+CDS1094,chr_202+CDS986,-,897,897,897,1.0,1.0,2,2,843,843,843,1.0,1.0
chr_202+CDS1099,chr_202+CDS990,-,971,971,971,1.0,1.0,2,2,891,891,891,1.0,1.0
chr_202+CDS1101,chr_202+CDS992,-,945,945,945,1.0,1.0,1,1,945,945,945,1.0,1.0
chr_202+CDS1105,chr_202+CDS996,-,807,807,807,1.0,1.0,1,1,807,807,807,1.0,1.0
chr_202+CDS1108,chr_202+CDS998,-,1681,1681,1681,1.0,1.0,5,5,1452,1452,1452,1.0,1.0
chr_202+CDS1116,chr_202+CDS1005,-,2166,2166,2166,1.0,1.0,3,3,2028,2028,2028,1.0,1.0
chr_202+CDS1119,chr_202+CDS1008,-,1308,1308,1308,1.0,1.0,1,1,1308,1308,1308,1.0,1.0
chr_202+CDS1122,chr_202+CDS1011,-,1565,1565,1565,1.0,1.0,2,2,1512,1512,1512,1.0,1.0
chr_202+CDS1125,chr_202+CDS1014,-,953,953,953,1.0,1.0,2,2,870,870,870,1.0,1.0
chr_202+CDS1128,chr_202+CDS1017,-,1817,1817,1817,1.0,1.0,2,2,1581,1581,1581,1.0,1.0
chr_202+CDS1129,chr_202+CDS1018,-,1684,1684,1684,1.0,1.0,3,3,1509,1509,1509,1.0,1.0
chr_202+CDS1136,chr_202+CDS1022,-,6991,6991,6991,1.0,1.0,3,3,6765,6765,6765,1.0,1.0
chr_202+CDS1141,chr_202+CDS1026,-,5935,5935,5935,1.0,1.0,6,6,5538,5538,5538,1.0,1.0
chr_202+CDS1145,chr_202+CDS1030,-,3012,3012,3012,1.0,1.0,1,1,3012,3012,3012,1.0,1.0
chr_202+CDS1146,chr_202+CDS1031,-,1780,1780,1780,1.0,1.0,5,5,1512,1512,1512,1.0,1.0
chr_202+CDS1153,chr_202+CDS1037,-,1787,1787,1787,1.0,1.0,5,5,1560,1560,1560,1.0,1.0
chr_202+CDS1156,chr_202+CDS1040,-,2790,2790,2790,1.0,1.0,1,1,2790,2790,2790,1.0,1.0
chr_202+CDS1158,chr_202+CDS1042,-,1178,1178,1178,1.0,1.0,3,3,1017,1017,1017,1.0,1.0
chr_202+CDS1164,chr_202+CDS1048,-,1002,1002,1002,1.0,1.0,1,1,1002,1002,1002,1.0,1.0
chr_202+CDS1167,chr_202+CDS1051,-,1466,1466,1466,1.0,1.0,3,3,1353,1353,1353,1.0,1.0
chr_202+CDS1172,chr_202+CDS1055,-,2207,2207,2207,1.0,1.0,7,7,1797,1797,1797,1.0,1.0
chr_202+CDS1176,chr_202+CDS1059,-,1160,1160,1160,1.0,1.0,3,3,945,945,945,1.0,1.0
chr_202+CDS1178,chr_202+CDS1061,-,1617,1617,1617,1.0,1.0,1,1,1617,1617,1617,1.0,1.0
chr_202+CDS1185,chr_202+CDS1068,-,1127,1127,1127,1.0,1.0,2,2,1065,1065,1065,1.0,1.0
chr_202+CDS1194,chr_202+CDS1076,-,1193,1193,1193,1.0,1.0,2,2,1110,1110,1110,1.0,1.0
chr_202+CDS1195,chr_202+CDS1077,-,2550,2550,2550,1.0,1.0,1,1,2550,2550,2550,1.0,1.0
chr_202+CDS1197,chr_202+CDS1079,-,1704,1704,1704,1.0,1.0,1,1,1704,1704,1704,1.0,1.0
chr_202+CDS1198,chr_202+CDS1080,-,1728,1728,1728,1.0,1.0,1,1,1728,1728,1728,1.0,1.0
chr_202+CDS1207,chr_202+CDS1086,-,861,861,861,1.0,1.0,1,1,861,861,861,1.0,1.0
chr_202+CDS1208,chr_202+CDS1087,-,441,441,441,1.0,1.0,1,1,441,441,441,1.0,1.0
chr_202+CDS1222,chr_202+CDS1099,-,1926,1926,1926,1.0,1.0,2,2,1860,1860,1860,1.0,1.0
chr_202+CDS1225,chr_202+CDS1102,-,1440,1440,1440,1.0,1.0,6,6,1098,1098,1098,1.0,1.0
chr_202+CDS1226,chr_202+CDS1103,-,971,971,971,1.0,1.0,3,3,861,861,861,1.0,1.0
chr_202+CDS1228,chr_202+CDS1105,-,1888,1888,1888,1.0,1.0,4,4,1713,1713,1713,1.0,1.0
chr_202+CDS1229,chr_202+CDS1106,-,1237,1237,1237,1.0,1.0,3,3,1119,1119,1119,1.0,1.0
chr_202+CDS1246,chr_202+CDS1121,-,2637,2637,2637,1.0,1.0,1,1,2637,2637,2637,1.0,1.0
chr_202+CDS1247,chr_202+CDS1122,-,1604,1604,1604,1.0,1.0,2,2,1545,1545,1545,1.0,1.0
chr_202+CDS1248,chr_202+CDS1123,-,1904,1904,1904,1.0,1.0,5,5,1689,1689,1689,1.0,1.0
chr_202+CDS1249,chr_202+CDS1124,-,1128,1128,1128,1.0,1.0,1,1,1128,1128,1128,1.0,1.0
chr_202+CDS1250,chr_202+CDS1125,-,1521,1521,1521,1.0,1.0,1,1,1521,1521,1521,1.0,1.0
chr_202+CDS1253,chr_202+CDS1128,-,1263,1263,1263,1.0,1.0,3,3,1125,1125,1125,1.0,1.0
chr_202+CDS1255,chr_202+CDS1130,-,1294,1294,1294,1.0,1.0,5,5,1071,1071,1071,1.0,1.0
chr_202+CDS1260,chr_202+CDS1135,-,507,507,507,1.0,1.0,3,3,357,357,357,1.0,1.0
chr_202+CDS1265,chr_202+CDS1139,-,771,771,771,1.0,1.0,1,1,771,771,771,1.0,1.0
chr_202+CDS1266,chr_202+CDS1140,-,1296,1296,1296,1.0,1.0,4,4,1137,1137,1137,1.0,1.0
chr_202+CDS1268,chr_202+CDS1142,-,2005,2005,2005,1.0,1.0,8,8,1647,1647,1647,1.0,1.0
chr_202+CDS1271,chr_202+CDS1145,-,1313,1313,1313,1.0,1.0,3,3,1197,1197,1197,1.0,1.0
chr_202+CDS1274,chr_202+CDS1147,-,786,786,786,1.0,1.0,1,1,786,786,786,1.0,1.0
chr_202+CDS1276,chr_202+CDS1149,-,2565,2565,2565,1.0,1.0,3,3,2451,2451,2451,1.0,1.0
chr_202+CDS1278,chr_202+CDS1151,-,812,812,812,1.0,1.0,3,3,711,711,711,1.0,1.0
chr_202+CDS1280,chr_202+CDS1153,-,702,702,702,1.0,1.0,3,3,528,528,528,1.0,1.0
chr_202+CDS1283,chr_202+CDS1156,-,3794,3794,3794,1.0,1.0,2,2,3732,3732,3732,1.0,1.0
chr_202+CDS1289,chr_202+CDS1161,-,1855,1855,1855,1.0,1.0,8,8,1467,1467,1467,1.0,1.0
chr_202+CDS1291,chr_202+CDS1163,-,1430,1430,1430,1.0,1.0,2,2,1365,1365,1365,1.0,1.0
chr_202+CDS1296,chr_202+CDS1168,-,973,973,973,1.0,1.0,2,2,918,918,918,1.0,1.0
chr_202+CDS1297,chr_202+CDS1169,-,1885,1885,1885,1.0,1.0,7,7,1470,1470,1470,1.0,1.0
chr_202+CDS1298,chr_202+CDS1170,-,1790,1790,1790,1.0,1.0,2,2,1698,1698,1698,1.0,1.0
chr_202+CDS1303,chr_202+CDS1173,-,1160,1160,1160,1.0,1.0,3,3,1017,1017,1017,1.0,1.0
chr_202+CDS1307,chr_202+CDS1176,-,1632,1632,1632,1.0,1.0,2,2,1554,1554,1554,1.0,1.0
chr_202+CDS1312,chr_202+CDS1180,-,503,503,503,1.0,1.0,2,2,453,453,453,1.0,1.0
chr_601+CDS1174,chr_601+CDS1100,-,979,979,979,1.0,1.0,4,4,789,789,789,1.0,1.0
chr_601+CDS1176,chr_601+CDS1103,-,1509,1509,1509,1.0,1.0,1,1,1509,1509,1509,1.0,1.0
chr_601+CDS1177,chr_601+CDS1104,-,571,571,571,1.0,1.0,3,3,396,396,396,1.0,1.0
chr_601+CDS1180,chr_601+CDS1107,-,1058,1058,1058,1.0,1.0,3,3,921,921,921,1.0,1.0
chr_601+CDS1181,chr_601+CDS1108,-,1979,1979,1979,1.0,1.0,3,3,1857,1857,1857,1.0,1.0
chr_601+CDS1182,chr_601+CDS1109,-,1107,1107,1107,1.0,1.0,1,1,1107,1107,1107,1.0,1.0
chr_601+CDS1186,chr_601+CDS1111,-,1074,1074,1074,1.0,1.0,2,2,1008,1008,1008,1.0,1.0
chr_601+CDS1188,chr_601+CDS1113,-,837,837,837,1.0,1.0,1,1,837,837,837,1.0,1.0
chr_601+CDS1192,chr_601+CDS1116,-,996,996,996,1.0,1.0,1,1,996,996,996,1.0,1.0
chr_601+CDS1196,chr_601+CDS1119,-,1409,1409,1409,1.0,1.0,4,4,1230,1230,1230,1.0,1.0
chr_601+CDS1199,chr_601+CDS1121,-,1140,1140,1140,1.0,1.0,3,3,1035,1035,1035,1.0,1.0
chr_601+CDS1206,chr_601+CDS1129,-,1005,1005,1005,1.0,1.0,1,1,1005,1005,1005,1.0,1.0
chr_601+CDS1207,chr_601+CDS1130,-,685,685,685,1.0,1.0,2,2,633,633,633,1.0,1.0
chr_601+CDS1217,chr_601+CDS1138,-,6465,6465,6465,1.0,1.0,1,1,6465,6465,6465,1.0,1.0
chr_601+CDS1219,chr_601+CDS1140,-,445,445,445,1.0,1.0,3,3,267,267,267,1.0,1.0
chr_601+CDS1223,chr_601+CDS1143,-,1571,1571,1571,1.0,1.0,2,2,1515,1515,1515,1.0,1.0
chr_601+CDS1224,chr_601+CDS1144,-,1251,1251,1251,1.0,1.0,1,1,1251,1251,1251,1.0,1.0
chr_601+CDS1232,chr_601+CDS1152,-,619,619,619,1.0,1.0,2,2,561,561,561,1.0,1.0
chr_601+CDS1239,chr_601+CDS1158,-,4417,4417,4417,1.0,1.0,5,5,4212,4212,4212,1.0,1.0
chr_601+CDS1248,chr_601+CDS1166,-,1221,1221,1221,1.0,1.0,1,1,1221,1221,1221,1.0,1.0
chr_601+CDS1251,chr_601+CDS1169,-,771,771,771,1.0,1.0,1,1,771,771,771,1.0,1.0
chr_601+CDS1259,chr_601+CDS1176,-,408,408,408,1.0,1.0,1,1,408,408,408,1.0,1.0
chr_601+CDS1261,chr_601+CDS1178,-,912,912,912,1.0,1.0,1,1,912,912,912,1.0,1.0
chr_601+CDS1264,chr_601+CDS1180,-,1254,1254,1254,1.0,1.0,1,1,1254,1254,1254,1.0,1.0
chr_601+CDS1265,chr_601+CDS1182,-,1491,1491,1491,1.0,1.0,3,3,1374,1374,1374,1.0,1.0
chr_601+CDS1271,chr_601+CDS1189,-,1451,1451,1451,1.0,1.0,4,4,1239,1239,1239,1.0,1.0
chr_601+CDS1276,chr_601+CDS1194,-,2325,2325,2325,1.0,1.0,1,1,2325,2325,2325,1.0,1.0
chr_601+CDS1277,chr_601+CDS1195,-,999,999,999,1.0,1.0,1,1,999,999,999,1.0,1.0
chr_601+CDS1279,chr_601+CDS1197,-,1310,1310,1310,1.0,1.0,2,2,1257,1257,1257,1.0,1.0
chr_601+CDS1283,chr_601+CDS1200,-,1089,1089,1089,1.0,1.0,1,1,1089,1089,1089,1.0,1.0
chr_601+CDS1284,chr_601+CDS1201,-,1584,1584,1584,1.0,1.0,1,1,1584,1584,1584,1.0,1.0
chr_601+CDS1286,chr_601+CDS1203,-,1117,1117,1117,1.0,1.0,3,3,1008,1008,1008,1.0,1.0
chr_601+CDS1290,chr_601+CDS1207,-,1122,1122,1122,1.0,1.0,1,1,1122,1122,1122,1.0,1.0
chr_601+CDS1296,chr_601+CDS1211,-,1838,1838,1838,1.0,1.0,3,3,1680,1680,1680,1.0,1.0
chr_601+CDS1298,chr_601+CDS1213,-,1268,1268,1268,1.0,1.0,3,3,1119,1119,1119,1.0,1.0
chr_601+CDS1300,chr_601+CDS1215,-,2092,2092,2092,1.0,1.0,6,6,1797,1797,1797,1.0,1.0
chr_601+CDS1304,chr_601+CDS1219,-,648,648,648,1.0,1.0,1,1,648,648,648,1.0,1.0
chr_601+CDS1305,chr_601+CDS1220,-,663,663,663,1.0,1.0,1,1,663,663,663,1.0,1.0
chr_601+CDS1307,chr_601+CDS1222,-,1907,1907,1907,1.0,1.0,2,2,1839,1839,1839,1.0,1.0
chr_601+CDS1309,chr_601+CDS1224,-,720,720,720,1.0,1.0,1,1,720,720,720,1.0,1.0
chr_601+CDS1311,chr_601+CDS1226,-,1489,1489,1489,1.0,1.0,6,6,1191,1191,1191,1.0,1.0
chr_601+CDS1313,chr_601+CDS1228,-,753,753,753,1.0,1.0,1,1,753,753,753,1.0,1.0
chr_601+CDS1314,chr_601+CDS1229,-,1851,1851,1851,1.0,1.0,6,6,1551,1551,1551,1.0,1.0
chr_601+CDS1316,chr_601+CDS1231,-,1654,1654,1654,1.0,1.0,4,4,1497,1497,1497,1.0,1.0
chr_601+CDS1320,chr_601+CDS1234,-,1466,1466,1466,1.0,1.0,2,2,1368,1368,1368,1.0,1.0
chr_601+CDS1322,chr_601+CDS1236,-,1083,1083,1083,1.0,1.0,1,1,1083,1083,1083,1.0,1.0
chr_601+CDS1325,chr_601+CDS1239,-,1830,1830,1830,1.0,1.0,5,5,1593,1593,1593,1.0,1.0
chr_601+CDS1326,chr_601+CDS1240,-,1380,1380,1380,1.0,1.0,1,1,1380,1380,1380,1.0,1.0
chr_601+CDS1336,chr_601+CDS1249,-,684,684,684,1.0,1.0,2,2,597,597,597,1.0,1.0
chr_601+CDS1343,chr_601+CDS1255,-,1611,1611,1611,1.0,1.0,1,1,1611,1611,1611,1.0,1.0
chr_601+CDS1347,chr_601+CDS1259,-,1617,1617,1617,1.0,1.0,2,2,1557,1557,1557,1.0,1.0
chr_601+CDS1352,chr_601+CDS1263,-,4321,4321,4321,1.0,1.0,8,8,3900,3900,3900,1.0,1.0
chr_601+CDS1356,chr_601+CDS1267,-,1174,1174,1174,1.0,1.0,3,3,1056,1056,1056,1.0,1.0
chr_601+CDS1357,chr_601+CDS1268,-,966,966,966,1.0,1.0,1,1,966,966,966,1.0,1.0
chr_601+CDS1358,chr_601+CDS1269,-,942,942,942,1.0,1.0,1,1,942,942,942,1.0,1.0
